run,implementation,threads,trials,mean_s,std_s,ci95_halfwidth_s,speedup_vs_serial,cuda_speedup_over_this
feb13,serial,1,5,34.8076,0.1244,0.1090,1.00,53.64
feb13,cuda,-,30,0.6490,0.0082,0.0029,53.64,1.00
feb13,openmp,16,30,2.1568,0.0075,0.0027,16.14,3.32
feb13,openmp,32,30,2.0562,0.0075,0.0027,16.93,3.17
feb13,openmp,64,30,2.0298,0.0070,0.0025,17.15,3.13
feb13,openmp,72,30,2.0277,0.0069,0.0025,17.17,3.12
feb25_rerun,serial,1,5,44.7658,0.0380,0.0334,1.00,69.20
feb25_rerun,cuda,-,30,0.6469,0.0010,0.0003,69.20,1.00
feb25_rerun,openmp,16,30,3.5442,0.0061,0.0022,12.63,5.48
feb25_rerun,openmp,32,30,3.4208,0.0031,0.0011,13.09,5.29
feb25_rerun,openmp,36,30,3.4037,0.0038,0.0014,13.15,5.26
feb25_rerun,openmp,64,30,3.3864,0.0022,0.0008,13.22,5.23
feb25_rerun,openmp,72,30,3.3838,0.0020,0.0007,13.23,5.23
